Actual_NDVI,Expected_NDVI,Location,Residual_NDVI,VH,date,month,year
0.568971992,0.575894284,Healthy Forest,-0.006922293,-15.39594022,2019-03,3,2019
0.595858574,0.570787668,Healthy Forest,0.025070906,-14.66392358,2019-04,4,2019
0.897661924,0.872633326,Healthy Forest,0.025028598,-15.04765897,2019-05,5,2019
0.91880995,0.920016897,Healthy Forest,-0.001206946,-15.63447722,2019-06,6,2019
0.920076013,0.913891423,Healthy Forest,0.00618459,-14.88084708,2019-07,7,2019
0.865288436,0.902811038,Healthy Forest,-0.037522602,-15.13031607,2019-08,8,2019
0.910428345,0.910060847,Healthy Forest,3.67E-04,-16.16749196,2019-09,9,2019
0.826021373,0.770171791,Healthy Forest,0.055849582,-15.76903167,2019-10,10,2019
0.652336001,0.661522806,Healthy Forest,-0.009186804,-13.61502462,2019-11,11,2019
0.649745107,0.674449134,Healthy Forest,-0.024704027,-13.28888576,2019-12,12,2019
0.663429558,0.637955844,Healthy Forest,0.025473714,-17.38529169,2020-01,1,2020
0.604015827,0.609625071,Healthy Forest,-0.005609244,-15.69768142,2020-02,2,2020
0.585075736,0.575894284,Healthy Forest,0.009181452,-14.37928248,2020-03,3,2020
0.567266166,0.570787668,Healthy Forest,-0.003521502,-13.64244696,2020-04,4,2020
0.872603178,0.872633326,Healthy Forest,-3.01E-05,-14.48354503,2020-05,5,2020
0.913303077,0.920016897,Healthy Forest,-0.00671382,-15.0282186,2020-06,6,2020
0.894467533,0.913891423,Healthy Forest,-0.01942389,-14.58052204,2020-07,7,2020
0.91790241,0.902811038,Healthy Forest,0.015091372,-14.60402582,2020-08,8,2020
0.913662553,0.910060847,Healthy Forest,0.003601706,-14.84977612,2020-09,9,2020
0.645323515,0.661522806,Healthy Forest,-0.016199291,-14.51755888,2020-11,11,2020
0.637310624,0.674449134,Healthy Forest,-0.03713851,-16.44146767,2020-12,12,2020
0.569088519,0.609625071,Healthy Forest,-0.040536553,-14.11596333,2021-02,2,2021
0.596614301,0.575894284,Healthy Forest,0.020720017,-15.40367855,2021-03,3,2021
0.549563825,0.570787668,Healthy Forest,-0.021223843,-14.00471751,2021-04,4,2021
0.755002022,0.872633326,Healthy Forest,-0.117631304,-14.21845431,2021-05,5,2021
0.929972589,0.920016897,Healthy Forest,0.009955692,-15.1560801,2021-06,6,2021
0.914095759,0.913891423,Healthy Forest,2.04E-04,-14.50282908,2021-07,7,2021
0.903850734,0.902811038,Healthy Forest,0.001039696,-14.71871952,2021-08,8,2021
0.920437455,0.910060847,Healthy Forest,0.010376608,-15.71610417,2021-09,9,2021
0.774333179,0.770171791,Healthy Forest,0.004161388,-14.89628728,2021-10,10,2021
0.743728161,0.674449134,Healthy Forest,0.069279027,-16.05790566,2021-12,12,2021
0.613637984,0.637955844,Healthy Forest,-0.024317861,-16.02547627,2022-01,1,2022
0.660367191,0.609625071,Healthy Forest,0.05074212,-16.76072212,2022-02,2,2022
0.588053882,0.575894284,Healthy Forest,0.012159598,-17.50045851,2022-03,3,2022
0.570462108,0.570787668,Healthy Forest,-3.26E-04,-13.01951034,2022-04,4,2022
0.924918115,0.872633326,Healthy Forest,0.052284789,-14.82565888,2022-05,5,2022
0.925764263,0.920016897,Healthy Forest,0.005747366,-16.17261053,2022-06,6,2022
0.923733413,0.913891423,Healthy Forest,0.00984199,-13.50362049,2022-07,7,2022
0.914827645,0.902811038,Healthy Forest,0.012016606,-16.32720068,2022-08,8,2022
0.897940338,0.910060847,Healthy Forest,-0.012120509,-16.09511795,2022-09,9,2022
0.62130177,0.770171791,Healthy Forest,-0.148870021,-15.93306062,2022-10,10,2022
0.686908901,0.661522806,Healthy Forest,0.025386095,-15.18180075,2022-11,11,2022
0.641409457,0.674449134,Healthy Forest,-0.033039677,-13.51743356,2022-12,12,2022
0.636799991,0.637955844,Healthy Forest,-0.001155853,-13.99025632,2023-01,1,2023
0.605028749,0.609625071,Healthy Forest,-0.004596323,-15.39533637,2023-02,2,2023
0.54075551,0.575894284,Healthy Forest,-0.035138774,-14.84743999,2023-03,3,2023
0.912981391,0.872633326,Healthy Forest,0.040348065,-13.44906976,2023-05,5,2023
0.912234604,0.920016897,Healthy Forest,-0.007782292,-15.97593691,2023-06,6,2023
0.917084396,0.913891423,Healthy Forest,0.003192973,-14.87492952,2023-07,7,2023
0.912185967,0.902811038,Healthy Forest,0.009374928,-13.79047383,2023-08,8,2023
0.907835543,0.910060847,Healthy Forest,-0.002225304,-16.52293264,2023-09,9,2023
0.859030843,0.770171791,Healthy Forest,0.088859051,-14.72587614,2023-10,10,2023
0.700052321,0.674449134,Healthy Forest,0.025603187,-14.11946371,2023-12,12,2023
0.827000797,0.609625071,Dense Forest 1,0.217375726,-16.14105219,2019-02,2,2019
0.806837022,0.575894284,Dense Forest 1,0.230942738,-16.73085232,2019-03,3,2019
0.744481742,0.570787668,Dense Forest 1,0.173694074,-15.22608843,2019-04,4,2019
0.770136058,0.872633326,Dense Forest 1,-0.102497268,-15.08192375,2019-05,5,2019
0.775581002,0.920016897,Dense Forest 1,-0.144435894,-15.24296555,2019-06,6,2019
0.806878328,0.913891423,Dense Forest 1,-0.107013094,-15.16469969,2019-07,7,2019
0.779227853,0.902811038,Dense Forest 1,-0.123583186,-15.493661,2019-08,8,2019
0.836753368,0.910060847,Dense Forest 1,-0.073307478,-15.33664015,2019-09,9,2019
0.859564722,0.770171791,Dense Forest 1,0.08939293,-16.93290943,2019-10,10,2019
0.854209423,0.661522806,Dense Forest 1,0.192686617,-16.83823339,2019-11,11,2019
0.879748881,0.674449134,Dense Forest 1,0.205299747,-16.76593221,2019-12,12,2019
0.941375434,0.637955844,Dense Forest 1,0.30341959,-18.2035832,2020-01,1,2020
0.944123507,0.609625071,Dense Forest 1,0.334498435,-16.14504167,2020-02,2,2020
0.801819742,0.575894284,Dense Forest 1,0.225925457,-17.15205253,2020-03,3,2020
0.788039684,0.570787668,Dense Forest 1,0.217252016,-16.23700675,2020-04,4,2020
0.76874125,0.872633326,Dense Forest 1,-0.103892076,-15.48163368,2020-05,5,2020
0.770162225,0.920016897,Dense Forest 1,-0.149854672,-15.24946656,2020-06,6,2020
0.796538174,0.913891423,Dense Forest 1,-0.117353249,-14.60047285,2020-07,7,2020
0.831131518,0.902811038,Dense Forest 1,-0.071679521,-15.21938738,2020-08,8,2020
0.8075881,0.910060847,Dense Forest 1,-0.102472746,-15.87359082,2020-09,9,2020
0.765379131,0.770171791,Dense Forest 1,-0.00479266,-14.38929656,2020-10,10,2020
0.871029377,0.661522806,Dense Forest 1,0.209506571,-15.50146225,2020-11,11,2020
0.710854471,0.609625071,Dense Forest 1,0.101229399,-16.29007029,2021-02,2,2021
0.787902594,0.575894284,Dense Forest 1,0.212008309,-16.70546339,2021-03,3,2021
0.73729372,0.570787668,Dense Forest 1,0.166506052,-17.95909827,2021-04,4,2021
0.69991672,0.872633326,Dense Forest 1,-0.172716606,-14.40177845,2021-05,5,2021
0.806894362,0.920016897,Dense Forest 1,-0.113122535,-14.08779017,2021-06,6,2021
0.826372623,0.913891423,Dense Forest 1,-0.087518799,-12.75406386,2021-07,7,2021
0.804171085,0.902811038,Dense Forest 1,-0.098639953,-14.10107724,2021-08,8,2021
0.851901293,0.910060847,Dense Forest 1,-0.058159554,-15.37490798,2021-09,9,2021
0.844276488,0.770171791,Dense Forest 1,0.074104697,-16.01597543,2021-10,10,2021
0.897810221,0.661522806,Dense Forest 1,0.236287415,-18.68731763,2021-11,11,2021
0.786257863,0.674449134,Dense Forest 1,0.111808729,-17.27443141,2021-12,12,2021
0.789540172,0.637955844,Dense Forest 1,0.151584327,-17.52790966,2022-01,1,2022
0.749492884,0.609625071,Dense Forest 1,0.139867812,-14.47818814,2022-02,2,2022
0.626270533,0.575894284,Dense Forest 1,0.050376248,-15.87716456,2022-03,3,2022
0.558494568,0.570787668,Dense Forest 1,-0.0122931,-14.48596543,2022-04,4,2022
0.51687324,0.872633326,Dense Forest 1,-0.355760086,-14.26745427,2022-05,5,2022
0.540793002,0.920016897,Dense Forest 1,-0.379223895,-11.13963906,2022-06,6,2022
0.507088423,0.913891423,Dense Forest 1,-0.406803,-13.98050755,2022-07,7,2022
0.527027011,0.902811038,Dense Forest 1,-0.375784028,-13.18987619,2022-08,8,2022
0.553535342,0.910060847,Dense Forest 1,-0.356525505,-14.63644671,2022-09,9,2022
0.555749118,0.770171791,Dense Forest 1,-0.214422673,-14.11190404,2022-10,10,2022
0.747738183,0.661522806,Dense Forest 1,0.086215377,-17.84158703,2022-11,11,2022
0.127182052,0.674449134,Dense Forest 1,-0.547267082,-14.74361467,2022-12,12,2022
0.721011043,0.637955844,Dense Forest 1,0.083055198,-12.90974443,2023-01,1,2023
0.572304368,0.609625071,Dense Forest 1,-0.037320703,-16.20026748,2023-02,2,2023
0.408889979,0.575894284,Dense Forest 1,-0.167004305,-15.46460538,2023-03,3,2023
0.51746726,0.570787668,Dense Forest 1,-0.053320408,-15.26504264,2023-04,4,2023
0.666260898,0.872633326,Dense Forest 1,-0.206372428,-15.03649169,2023-05,5,2023
0.669634044,0.920016897,Dense Forest 1,-0.250382853,-13.98343825,2023-06,6,2023
0.678961754,0.913891423,Dense Forest 1,-0.234929669,-13.55452121,2023-07,7,2023
0.669541359,0.902811038,Dense Forest 1,-0.23326968,-14.34720014,2023-08,8,2023
0.729203522,0.910060847,Dense Forest 1,-0.180857325,-13.59337248,2023-09,9,2023
0.775980115,0.770171791,Dense Forest 1,0.005808324,-14.66006985,2023-10,10,2023
0.549726963,0.674449134,Dense Forest 1,-0.124722171,-15.42045,2023-12,12,2023
0.574288726,0.609625071,Dense Forest 2,-0.035336345,-19.14911056,2019-02,2,2019
0.600507319,0.575894284,Dense Forest 2,0.024613035,-19.07149271,2019-03,3,2019
0.528205156,0.570787668,Dense Forest 2,-0.042582512,-19.03252089,2019-04,4,2019
0.658007801,0.872633326,Dense Forest 2,-0.214625525,-17.8332236,2019-05,5,2019
0.728890955,0.920016897,Dense Forest 2,-0.191125941,-17.95817615,2019-06,6,2019
0.743366122,0.913891423,Dense Forest 2,-0.170525301,-17.37370547,2019-07,7,2019
0.71148175,0.902811038,Dense Forest 2,-0.191329288,-18.37835316,2019-08,8,2019
0.761622131,0.910060847,Dense Forest 2,-0.148438716,-18.8772441,2019-09,9,2019
0.790874124,0.770171791,Dense Forest 2,0.020702332,-16.67266029,2019-10,10,2019
0.769516706,0.661522806,Dense Forest 2,0.107993901,-16.38938882,2019-11,11,2019
0.882943153,0.674449134,Dense Forest 2,0.20849402,-20.69534699,2019-12,12,2019
0.748437762,0.637955844,Dense Forest 2,0.110481918,-17.95604085,2020-01,1,2020
0.670295298,0.609625071,Dense Forest 2,0.060670227,-19.58405865,2020-02,2,2020
0.411321431,0.575894284,Dense Forest 2,-0.164572853,-20.76660208,2020-03,3,2020
0.317643493,0.570787668,Dense Forest 2,-0.253144175,-19.96897842,2020-04,4,2020
0.369646192,0.872633326,Dense Forest 2,-0.502987134,-19.85415176,2020-05,5,2020
0.568007469,0.920016897,Dense Forest 2,-0.352009428,-16.6935738,2020-06,6,2020
0.667557478,0.913891423,Dense Forest 2,-0.246333945,-15.72453844,2020-07,7,2020
0.715196609,0.902811038,Dense Forest 2,-0.187614429,-16.34430577,2020-08,8,2020
0.650530696,0.910060847,Dense Forest 2,-0.259530151,-17.75898564,2020-09,9,2020
0.675810456,0.770171791,Dense Forest 2,-0.094361335,-18.66836202,2020-10,10,2020
0.596412539,0.661522806,Dense Forest 2,-0.065110266,-18.90704139,2020-11,11,2020
0.358827621,0.609625071,Dense Forest 2,-0.250797451,-19.31774154,2021-02,2,2021
0.326343387,0.575894284,Dense Forest 2,-0.249550897,-21.07985329,2021-03,3,2021
0.320656478,0.570787668,Dense Forest 2,-0.25013119,-20.06317051,2021-04,4,2021
0.48027572,0.872633326,Dense Forest 2,-0.392357606,-17.20081533,2021-05,5,2021
0.727156818,0.920016897,Dense Forest 2,-0.192860079,-17.03512687,2021-06,6,2021
0.756451607,0.913891423,Dense Forest 2,-0.157439816,-16.24252134,2021-07,7,2021
0.735867858,0.902811038,Dense Forest 2,-0.166943181,-16.44974657,2021-08,8,2021
0.710631669,0.910060847,Dense Forest 2,-0.199429178,-18.87347823,2021-09,9,2021
0.561969697,0.770171791,Dense Forest 2,-0.208202094,-19.39603532,2021-10,10,2021
0.54838711,0.661522806,Dense Forest 2,-0.113135695,-19.41044306,2021-11,11,2021
0.324540854,0.609625071,Dense Forest 2,-0.285084218,-18.19000887,2022-02,2,2022
0.258270115,0.575894284,Dense Forest 2,-0.31762417,-23.68178294,2022-03,3,2022
0.275879472,0.570787668,Dense Forest 2,-0.294908196,-15.65351016,2022-04,4,2022
0.6483289,0.872633326,Dense Forest 2,-0.224304426,-17.04907975,2022-05,5,2022
0.79022181,0.920016897,Dense Forest 2,-0.129795086,-17.41031302,2022-06,6,2022
0.793450892,0.913891423,Dense Forest 2,-0.120440531,-17.06701405,2022-07,7,2022
0.75282377,0.902811038,Dense Forest 2,-0.149987268,-18.96461527,2022-08,8,2022
0.720837474,0.910060847,Dense Forest 2,-0.189223373,-17.5605181,2022-09,9,2022
0.525393307,0.770171791,Dense Forest 2,-0.244778484,-16.82868523,2022-10,10,2022
0.486852974,0.661522806,Dense Forest 2,-0.174669832,-19.20478928,2022-11,11,2022
0.490959674,0.637955844,Dense Forest 2,-0.14699617,-15.24852265,2023-01,1,2023
0.313867062,0.609625071,Dense Forest 2,-0.295758009,-19.43954706,2023-02,2,2023
0.197143301,0.575894284,Dense Forest 2,-0.378750983,-18.26685873,2023-03,3,2023
0.302927941,0.570787668,Dense Forest 2,-0.267859727,-17.41235747,2023-04,4,2023
0.730382323,0.872633326,Dense Forest 2,-0.142251003,-17.41663044,2023-05,5,2023
0.725256264,0.920016897,Dense Forest 2,-0.194760633,-16.32884231,2023-06,6,2023
0.786613703,0.913891423,Dense Forest 2,-0.12727772,-16.86935499,2023-07,7,2023
0.751303077,0.902811038,Dense Forest 2,-0.151507962,-16.52665849,2023-08,8,2023
0.715632379,0.910060847,Dense Forest 2,-0.194428468,-18.89997539,2023-09,9,2023
0.606435657,0.770171791,Dense Forest 2,-0.163736135,-20.13876451,2023-10,10,2023
0.5,0.661522806,Dense Forest 2,-0.161522806,-18.74976869,2023-11,11,2023
0.321171284,0.674449134,Dense Forest 2,-0.35327785,-18.80726881,2023-12,12,2023
0.994202912,0.609625071,Medium Forest,0.384577841,-14.73802542,2019-02,2,2019
0.816818476,0.575894284,Medium Forest,0.240924191,-15.85946152,2019-03,3,2019
0.757818758,0.570787668,Medium Forest,0.18703109,-14.69953618,2019-04,4,2019
0.817142844,0.872633326,Medium Forest,-0.055490482,-12.49316783,2019-05,5,2019
0.855561197,0.920016897,Medium Forest,-0.0644557,-12.917914,2019-06,6,2019
0.837122083,0.913891423,Medium Forest,-0.07676934,-12.96881642,2019-07,7,2019
0.8079409,0.902811038,Medium Forest,-0.094870138,-11.73244668,2019-08,8,2019
0.822137654,0.910060847,Medium Forest,-0.087923193,-13.7342825,2019-09,9,2019
0.881873727,0.770171791,Medium Forest,0.111701936,-13.98954436,2019-10,10,2019
0.583600283,0.674449134,Medium Forest,-0.090848851,-14.20525413,2019-12,12,2019
0.944043338,0.609625071,Medium Forest,0.334418267,-15.53615645,2020-02,2,2020
0.788321197,0.575894284,Medium Forest,0.212426913,-16.2806665,2020-03,3,2020
0.7814399,0.570787668,Medium Forest,0.210652232,-13.02463166,2020-04,4,2020
0.790368259,0.872633326,Medium Forest,-0.082265067,-14.19751953,2020-05,5,2020
0.863919973,0.920016897,Medium Forest,-0.056096923,-13.26687801,2020-06,6,2020
0.845191479,0.913891423,Medium Forest,-0.068699944,-10.96160704,2020-07,7,2020
0.882498443,0.902811038,Medium Forest,-0.020312595,-12.76032923,2020-08,8,2020
0.829202712,0.910060847,Medium Forest,-0.080858135,-12.43659758,2020-09,9,2020
0.80578512,0.661522806,Medium Forest,0.144262314,-13.27976482,2020-11,11,2020
0.995203853,0.674449134,Medium Forest,0.320754719,-17.05671889,2020-12,12,2020
0.773478746,0.609625071,Medium Forest,0.163853675,-15.55360094,2021-02,2,2021
0.887067378,0.575894284,Medium Forest,0.311173093,-16.11563639,2021-03,3,2021
0.722725093,0.570787668,Medium Forest,0.151937425,-14.10280299,2021-04,4,2021
0.731756091,0.872633326,Medium Forest,-0.140877235,-16.16089583,2021-05,5,2021
0.7961694,0.920016897,Medium Forest,-0.123847497,-15.45754848,2021-06,6,2021
0.797541499,0.913891423,Medium Forest,-0.116349924,-15.42183927,2021-07,7,2021
0.822280943,0.902811038,Medium Forest,-0.080530095,-17.29258731,2021-08,8,2021
0.840300381,0.910060847,Medium Forest,-0.069760466,-15.82338483,2021-09,9,2021
0.846917927,0.770171791,Medium Forest,0.076746136,-18.11074191,2021-10,10,2021
0.847058833,0.674449134,Medium Forest,0.172609699,-16.13819334,2021-12,12,2021
0.876388073,0.637955844,Medium Forest,0.238432229,-19.00555575,2022-01,1,2022
0.868435442,0.609625071,Medium Forest,0.258810371,-18.92593034,2022-02,2,2022
0.793656111,0.575894284,Medium Forest,0.217761827,-17.22629947,2022-03,3,2022
0.770171165,0.570787668,Medium Forest,0.199383497,-17.01411911,2022-04,4,2022
0.808336079,0.872633326,Medium Forest,-0.064297247,-15.05201005,2022-05,5,2022
0.812249899,0.920016897,Medium Forest,-0.107766998,-15.13993501,2022-06,6,2022
0.81507659,0.913891423,Medium Forest,-0.098814833,-17.17757979,2022-07,7,2022
0.821647406,0.902811038,Medium Forest,-0.081163633,-15.45218383,2022-08,8,2022
0.836573899,0.910060847,Medium Forest,-0.073486948,-16.64215555,2022-09,9,2022
0.788810074,0.770171791,Medium Forest,0.018638283,-15.9080784,2022-10,10,2022
0.867941797,0.661522806,Medium Forest,0.206418991,-18.21724113,2022-11,11,2022
0.936320782,0.637955844,Medium Forest,0.298364937,-17.13103541,2023-01,1,2023
0.814692259,0.609625071,Medium Forest,0.205067188,-19.27470693,2023-02,2,2023
0.59767139,0.575894284,Medium Forest,0.021777105,-18.92584443,2023-03,3,2023
0.769364357,0.570787668,Medium Forest,0.198576689,-17.33372727,2023-04,4,2023
0.781112313,0.872633326,Medium Forest,-0.091521013,-18.23191924,2023-05,5,2023
0.815141678,0.920016897,Medium Forest,-0.104875219,-14.25317934,2023-06,6,2023
0.835365832,0.913891423,Medium Forest,-0.078525591,-13.81862459,2023-07,7,2023
0.832773268,0.902811038,Medium Forest,-0.07003777,-13.97790512,2023-08,8,2023
0.860661507,0.910060847,Medium Forest,-0.04939934,-17.38048265,2023-09,9,2023
0.832248151,0.770171791,Medium Forest,0.06207636,-17.86739369,2023-10,10,2023
0.853333354,0.661522806,Medium Forest,0.191810548,-18.15378423,2023-11,11,2023
0.865534306,0.637955844,Sparse Forest,0.227578461,-16.15112786,2019-01,1,2019
0.830517232,0.609625071,Sparse Forest,0.220892161,-15.68125994,2019-02,2,2019
0.822380841,0.575894284,Sparse Forest,0.246486557,-16.55025761,2019-03,3,2019
0.790460646,0.570787668,Sparse Forest,0.219672978,-14.67094205,2019-04,4,2019
0.835946858,0.872633326,Sparse Forest,-0.036686468,-13.62425649,2019-05,5,2019
0.85148102,0.920016897,Sparse Forest,-0.068535876,-13.72500233,2019-06,6,2019
0.853363037,0.913891423,Sparse Forest,-0.060528386,-13.63043482,2019-07,7,2019
0.636440575,0.902811038,Sparse Forest,-0.266370463,-16.63796863,2019-08,8,2019
0.841528952,0.910060847,Sparse Forest,-0.068531895,-16.89268145,2019-09,9,2019
0.810353816,0.770171791,Sparse Forest,0.040182024,-17.10749537,2019-10,10,2019
0.772445798,0.661522806,Sparse Forest,0.110922992,-17.87841187,2019-11,11,2019
0.817157209,0.674449134,Sparse Forest,0.142708075,-17.30129554,2019-12,12,2019
0.880036354,0.637955844,Sparse Forest,0.24208051,-17.13475878,2020-01,1,2020
0.805745542,0.609625071,Sparse Forest,0.196120471,-16.1932006,2020-02,2,2020
0.739756882,0.575894284,Sparse Forest,0.163862598,-15.11316173,2020-03,3,2020
0.792736292,0.570787668,Sparse Forest,0.221948624,-14.66976504,2020-04,4,2020
0.848585248,0.872633326,Sparse Forest,-0.024048078,-15.28638852,2020-05,5,2020
0.843977928,0.920016897,Sparse Forest,-0.076038969,-13.13857735,2020-06,6,2020
0.857355416,0.913891423,Sparse Forest,-0.056536007,-14.93074086,2020-07,7,2020
0.874068975,0.902811038,Sparse Forest,-0.028742063,-15.31413386,2020-08,8,2020
0.846210718,0.910060847,Sparse Forest,-0.063850129,-14.95672176,2020-09,9,2020
0.607118845,0.770171791,Sparse Forest,-0.163052946,-15.05088339,2020-10,10,2020
0.791289628,0.661522806,Sparse Forest,0.129766822,-15.49973937,2020-11,11,2020
0.777009487,0.637955844,Sparse Forest,0.139053643,-18.93306458,2021-01,1,2021
0.783408105,0.609625071,Sparse Forest,0.173783034,-15.48032115,2021-02,2,2021
0.769820213,0.575894284,Sparse Forest,0.193925929,-16.54238601,2021-03,3,2021
0.79817915,0.570787668,Sparse Forest,0.227391481,-15.36379815,2021-04,4,2021
0.810382843,0.872633326,Sparse Forest,-0.062250483,-14.53113447,2021-05,5,2021
0.897344112,0.920016897,Sparse Forest,-0.022672784,-13.02148381,2021-06,6,2021
0.889023483,0.913891423,Sparse Forest,-0.02486794,-14.9506508,2021-07,7,2021
0.880890667,0.902811038,Sparse Forest,-0.021920371,-14.29349048,2021-08,8,2021
0.89558357,0.910060847,Sparse Forest,-0.014477277,-16.62922809,2021-09,9,2021
0.855734289,0.770171791,Sparse Forest,0.085562497,-17.58402525,2021-10,10,2021
0.807938516,0.661522806,Sparse Forest,0.14641571,-17.37593337,2021-11,11,2021
0.901365817,0.637955844,Sparse Forest,0.263409972,-18.9318521,2022-01,1,2022
0.851410806,0.609625071,Sparse Forest,0.241785735,-18.3448971,2022-02,2,2022
0.808389425,0.575894284,Sparse Forest,0.232495141,-15.72144332,2022-03,3,2022
0.812309504,0.570787668,Sparse Forest,0.241521835,-17.9778815,2022-04,4,2022
0.87497586,0.872633326,Sparse Forest,0.002342534,-16.60011935,2022-05,5,2022
0.885997891,0.920016897,Sparse Forest,-0.034019005,-14.13369971,2022-06,6,2022
0.885097086,0.913891423,Sparse Forest,-0.028794336,-15.28308814,2022-07,7,2022
0.89855516,0.902811038,Sparse Forest,-0.004255879,-17.47831942,2022-08,8,2022
0.849076569,0.910060847,Sparse Forest,-0.060984278,-15.11009111,2022-09,9,2022
0.815674007,0.770171791,Sparse Forest,0.045502216,-16.40538693,2022-10,10,2022
0.865136325,0.661522806,Sparse Forest,0.20361352,-14.61914353,2022-11,11,2022
0.201685101,0.674449134,Sparse Forest,-0.472764033,-16.34753967,2022-12,12,2022
0.91356492,0.637955844,Sparse Forest,0.275609076,-14.19854505,2023-01,1,2023
0.708569705,0.609625071,Sparse Forest,0.098944634,-16.71542944,2023-02,2,2023
0.371335506,0.575894284,Sparse Forest,-0.204558778,-16.95811066,2023-03,3,2023
0.771986961,0.570787668,Sparse Forest,0.201199293,-14.52909033,2023-04,4,2023
0.898105502,0.872633326,Sparse Forest,0.025472176,-14.01185923,2023-05,5,2023
0.868282855,0.920016897,Sparse Forest,-0.051734042,-15.81890114,2023-06,6,2023
0.893158376,0.913891423,Sparse Forest,-0.020733047,-15.24063304,2023-07,7,2023
0.885931551,0.902811038,Sparse Forest,-0.016879487,-15.82762956,2023-08,8,2023
0.89316988,0.910060847,Sparse Forest,-0.016890967,-16.83717898,2023-09,9,2023
0.800822318,0.770171791,Sparse Forest,0.030650526,-16.557103,2023-10,10,2023
0.784132838,0.674449134,Sparse Forest,0.109683704,-14.97570718,2023-12,12,2023
0.477108419,0.609625071,Very Sparse Forest,-0.132516652,-16.01512891,2019-02,2,2019
0.725960314,0.575894284,Very Sparse Forest,0.15006603,-15.55325167,2019-03,3,2019
0.711145997,0.570787668,Very Sparse Forest,0.140358329,-15.39737969,2019-04,4,2019
0.698941648,0.872633326,Very Sparse Forest,-0.173691678,-15.32511564,2019-05,5,2019
0.732544363,0.920016897,Very Sparse Forest,-0.187472534,-13.5944235,2019-06,6,2019
0.738532066,0.913891423,Very Sparse Forest,-0.175359356,-14.85406488,2019-07,7,2019
0.706940591,0.902811038,Very Sparse Forest,-0.195870447,-14.90910785,2019-08,8,2019
0.605670094,0.910060847,Very Sparse Forest,-0.304390752,-14.27020026,2019-09,9,2019
0.657047629,0.770171791,Very Sparse Forest,-0.113124162,-16.74556315,2019-10,10,2019
0.719914854,0.661522806,Very Sparse Forest,0.058392048,-16.26007809,2019-11,11,2019
0.83970356,0.674449134,Very Sparse Forest,0.165254426,-15.05326676,2019-12,12,2019
0.868421078,0.637955844,Very Sparse Forest,0.230465233,-17.11239559,2020-01,1,2020
0.585017323,0.609625071,Very Sparse Forest,-0.024607748,-16.53263506,2020-02,2,2020
0.59171468,0.575894284,Very Sparse Forest,0.015820396,-17.09725627,2020-03,3,2020
0.490480512,0.570787668,Very Sparse Forest,-0.080307156,-15.11365958,2020-04,4,2020
0.525301993,0.872633326,Very Sparse Forest,-0.347331333,-15.4917752,2020-05,5,2020
0.584189713,0.920016897,Very Sparse Forest,-0.335827184,-13.42827412,2020-06,6,2020
0.597818673,0.913891423,Very Sparse Forest,-0.31607275,-14.5290736,2020-07,7,2020
0.648049176,0.902811038,Very Sparse Forest,-0.254761863,-14.93502695,2020-08,8,2020
0.675347209,0.910060847,Very Sparse Forest,-0.234713638,-13.28001453,2020-09,9,2020
0.810145676,0.661522806,Very Sparse Forest,0.14862287,-16.18345746,2020-11,11,2020
0.846643567,0.674449134,Very Sparse Forest,0.172194433,-15.71823501,2020-12,12,2020
0.640278995,0.609625071,Very Sparse Forest,0.030653924,-15.92308763,2021-02,2,2021
0.602665544,0.575894284,Very Sparse Forest,0.026771259,-17.35833643,2021-03,3,2021
0.589921892,0.570787668,Very Sparse Forest,0.019134223,-17.5616973,2021-04,4,2021
0.61799264,0.872633326,Very Sparse Forest,-0.254640687,-14.42827435,2021-05,5,2021
0.727748692,0.920016897,Very Sparse Forest,-0.192268205,-14.77954551,2021-06,6,2021
0.753114402,0.913891423,Very Sparse Forest,-0.16077702,-13.96027541,2021-07,7,2021
0.734399199,0.902811038,Very Sparse Forest,-0.168411839,-14.20145991,2021-08,8,2021
0.790769219,0.910060847,Very Sparse Forest,-0.119291627,-13.64692413,2021-09,9,2021
0.76467973,0.770171791,Very Sparse Forest,-0.005492061,-15.07197085,2021-10,10,2021
0.794665813,0.661522806,Very Sparse Forest,0.133143008,-16.24982644,2021-11,11,2021
0.727831423,0.674449134,Very Sparse Forest,0.053382289,-17.81825433,2021-12,12,2021
0.74106729,0.637955844,Very Sparse Forest,0.103111446,-17.41410183,2022-01,1,2022
0.372752875,0.609625071,Very Sparse Forest,-0.236872196,-17.63023888,2022-02,2,2022
0.651779115,0.575894284,Very Sparse Forest,0.075884831,-18.69887206,2022-03,3,2022
0.615846813,0.570787668,Very Sparse Forest,0.045059144,-15.43423281,2022-04,4,2022
0.750815213,0.872633326,Very Sparse Forest,-0.121818113,-14.46119745,2022-05,5,2022
0.820937395,0.920016897,Very Sparse Forest,-0.099079502,-13.44143516,2022-06,6,2022
0.836873233,0.913891423,Very Sparse Forest,-0.077018189,-13.915762,2022-07,7,2022
0.833238661,0.902811038,Very Sparse Forest,-0.069572377,-17.74031459,2022-08,8,2022
0.79398495,0.910060847,Very Sparse Forest,-0.116075897,-16.35040696,2022-09,9,2022
0.749866962,0.770171791,Very Sparse Forest,-0.020304829,-15.956744,2022-10,10,2022
0.894866288,0.661522806,Very Sparse Forest,0.233343482,-13.56122952,2022-11,11,2022
0.893232703,0.637955844,Very Sparse Forest,0.255276859,-16.23600967,2023-01,1,2023
0.676021934,0.609625071,Very Sparse Forest,0.066396862,-18.36447777,2023-02,2,2023
0.333818525,0.575894284,Very Sparse Forest,-0.242075759,-16.64896167,2023-03,3,2023
0.691818893,0.570787668,Very Sparse Forest,0.121031225,-16.13043511,2023-04,4,2023
0.812134981,0.872633326,Very Sparse Forest,-0.060498345,-15.46560334,2023-05,5,2023
0.831831813,0.920016897,Very Sparse Forest,-0.088185084,-13.1889458,2023-06,6,2023
0.866520405,0.913891423,Very Sparse Forest,-0.047371018,-14.85005826,2023-07,7,2023
0.847338021,0.902811038,Very Sparse Forest,-0.055473018,-14.90136547,2023-08,8,2023
0.848808527,0.910060847,Very Sparse Forest,-0.06125232,-16.40535677,2023-09,9,2023
0.850670099,0.770171791,Very Sparse Forest,0.080498308,-14.83196234,2023-10,10,2023
0.710641265,0.674449134,Very Sparse Forest,0.036192131,-16.23541569,2023-12,12,2023
